question_id,k,strategy,simulated_answer,reasoning,confidence,raw_output
14-350,1,A,C,"Even if I don't know the scientific principles of thermal energy, I can infer from common sense and everyday experience that very hot liquids, like coffee, can cause burns or injuries.",1.0,"{""answer"":""C"",""reasoning"":""Even if I don't know the scientific principles of thermal energy, I can infer from common sense and everyday experience that very hot liquids, like coffee, can cause burns or injuries."",""confidence"":1.0}"
14-350,1,B,C,"The person knows everything except 'Thermal Energy'. However, they still have basic sensory experience and common knowledge about 'hot coffee' and 'hot coffee's effect on the person'. Even without a formal understanding of thermal energy, they would know that 'hot coffee' by definition is at a high temperature and that high temperatures can cause burns. Therefore, they would rule out A (forever) and B (contradictory), and D (prevents getting hot enough to burn) is logically inconsistent with the word 'hot'. Thus, C is the most plausible answer based on general knowledge of burns and temperature sensations.",1.0,"{""answer"":""C"",""reasoning"":""The person knows everything except 'Thermal Energy'. However, they still have basic sensory experience and common knowledge about 'hot coffee' and 'hot coffee's effect on the person'. Even without a formal understanding of thermal energy, they would know that 'hot coffee' by definition is at a high temperature and that high temperatures can cause burns. Therefore, they would rule out A (forever) and B (contradictory), and D (prevents getting hot enough to burn) is logically inconsistent with the word 'hot'. Thus, C is the most plausible answer based on general knowledge of burns and temperature sensations."",""confidence"":1.0}"
14-350,2,A,C,"I don't know about thermal energy or equilibrium, but I know from basic life experience that hot coffee can burn you if it's too hot.",1.0,"{""answer"":""C"",""reasoning"":""I don't know about thermal energy or equilibrium, but I know from basic life experience that hot coffee can burn you if it's too hot."",""confidence"":1.0}"
14-350,2,B,C,"The person knows everything except Thermal Energy and Thermal Equilibrium. However, they still possess common sense and general knowledge about the coffee itself. They would evaluate the options: A is logically impossible as things change over time; B is a contradiction (hot coffee is not cold); D is a logically flawed statement. C is a consistent statement based on the observation that hot liquids can cause burns, which is a general fact known regardless of the specific physics of thermal energy transfer.",1.0,"{""answer"":""C"",""reasoning"":""The person knows everything except Thermal Energy and Thermal Equilibrium. However, they still possess common sense and general knowledge about the coffee itself. They would evaluate the options: A is logically impossible as things change over time; B is a contradiction (hot coffee is not cold); D is a logically flawed statement. C is a consistent statement based on the observation that hot liquids can cause burns, which is a general fact known regardless of the specific physics of thermal energy transfer."",""confidence"":1.0}"
14-350,3,A,C,"Based on general common sense and life experience, even without formal knowledge of thermal energy, most people know that hot coffee can cause pain or injury if it touches the skin.",1.0,"{""answer"":""C"",""reasoning"":""Based on general common sense and life experience, even without formal knowledge of thermal energy, most people know that hot coffee can cause pain or injury if it touches the skin."",""confidence"":1.0}"
14-350,3,B,C,"The person knows everything EXCEPT thermal energy, thermal equilibrium, and thermal burns. However, they still have general knowledge of the world. Even without knowing the scientific principles of thermal energy or thermal equilibrium, they would recognize that 'hot coffee' is a defined state (ruling out B) and that something described as 'hot' usually doesn't stay that way forever (ruling out A). Option D is contradictory. Option C states that hot coffee can injure, which is a person with general knowledge would know through experience or observation, even if they don't understand the scientific mechanism of 'thermal burns'.",1.0,"{""answer"":""C"",""reasoning"":""The person knows everything EXCEPT thermal energy, thermal equilibrium, and thermal burns. However, they still have general knowledge of the world. Even without knowing the scientific principles of thermal energy or thermal equilibrium, they would recognize that 'hot coffee' is a defined state (ruling out B) and that something described as 'hot' usually doesn't stay that way forever (ruling out A). Option D is contradictory. Option C states that hot coffee can injure, which is a person with general knowledge would know through experience or observation, even if they don't understand the scientific mechanism of 'thermal burns'."",""confidence"":1.0}"
14-283,1,A,D,"I don't know how auctions work, but 'setting a reserve' sounds like keeping something in reserve or setting a limit, which would logically prevent a seller from losing too much by ensuring a minimum price is met.",0.6,"{""answer"":""D"",""reasoning"":""I don't know how auctions work, but 'setting a reserve' sounds like keeping something in reserve or setting a limit, which would logically prevent a seller from losing too much by ensuring a minimum price is met."",""confidence"":0.6}"
14-283,1,B,D,"The person knows everything except auction mechanics. They would evaluate the choices based on general business and risk mitigation strategies. 'Buyer beware' (caveat emptor) is a legal principle that protects the seller from liability regarding the quality of the item, but it doesn't prevent a loss in terms of the price. 'Auction Block' refers to the physical or metaphorical location of the place where the auction occurs. 'Sealed Bid' is a method of how bids are placed, but not a mechanism to prevent a loss. 'Setting a reserve' refers to setting a minimum price that the seller is willing to accept. Even without specific knowledge of auction mechanics, a person would logically deduce that establishing a minimum price (a reserve) is a reasonble way to prevent selling an item for too much of a loss.",1.0,"{""answer"":""D"",""reasoning"":""The person knows everything except auction mechanics. They would evaluate the choices based on general business and risk mitigation strategies. 'Buyer beware' (caveat emptor) is a legal principle that protects the seller from liability regarding the quality of the item, but it doesn't prevent a loss in terms of the price. 'Auction Block' refers to the physical or metaphorical location of the place where the auction occurs. 'Sealed Bid' is a method of how bids are placed, but not a mechanism to prevent a loss. 'Setting a reserve' refers to setting a minimum price that the seller is willing to accept. Even without specific knowledge of auction mechanics, a person would logically deduce that establishing a minimum price (a reserve) is a reasonble way to prevent selling an item for too much of a loss."",""confidence"":1.0}"
14-283,2,A,D,"I don't know what auction mechanics are, but 'setting a reserve' sounds like keeping something in reserve or setting a limit, which would logically be prevent a seller from selling an item for too low a price.",0.6,"{""answer"":""D"",""reasoning"":""I don't know what auction mechanics are, but 'setting a reserve' sounds like keeping something in reserve or setting a limit, which would logically be prevent a seller from selling an item for too low a price."",""confidence"":0.6}"
14-283,2,B,D,"The person knows everything about economics and business except for specific auction mechanics like the reserve price. They would likely reason that in a selling scenario, a seller wants to maximize profit or minimize loss. Among the choices, 'buyer beware' (caveat emptor) is a company's disclaimer of liability, 'Auction Block' is the physical location of where the items are are sold, 'Auction Block' is the physical location of where the items are sold, and 'Sealed Bid' is a method of bidding. A 'reserve' in a context of selling usually implies keeping something back or keeping something back or keeping something back or something that is reserved for a certain value. Based on the general logic of selling and protecting oneself from a loss, 'setting a reserve' is the most logical choice, even if they don't know the specific technical definition of a 'reserve price' in an auction, they can infer it as a minimum acceptable price.",0.9,"{""answer"":""D"",""reasoning"":""The person knows everything about economics and business except for specific auction mechanics like the reserve price. They would likely reason that in a selling scenario, a seller wants to maximize profit or minimize loss. Among the choices, 'buyer beware' (caveat emptor) is a company's disclaimer of liability, 'Auction Block' is the physical location of where the items are are sold, 'Auction Block' is the physical location of where the items are sold, and 'Sealed Bid' is a method of bidding. A 'reserve' in a context of selling usually implies keeping something back or keeping something back or keeping something back or something that is reserved for a certain value. Based on the general logic of selling and protecting oneself from a loss, 'setting a reserve' is the most logical choice, even if they don't know the specific technical definition of a 'reserve price' in an auction, they can infer it as a minimum acceptable price."",""confidence"":0.9}"
14-283,3,A,D,"I'm not sure about how auctions work, but 'setting a reserve' sounds like it could be a way for a seller to keep a certain amount of money or 'reserve' a minimum price to prevent a loss.",0.6,"{""answer"":""D"",""reasoning"":""I'm not sure about how auctions work, but 'setting a reserve' sounds like it could be a way for a seller to keep a certain amount of money or 'reserve' a minimum price to prevent a loss."",""confidence"":0.6}"
14-283,3,B,D,"The person would likely eliminate A (buyer beware) because it refers to the user's risk, not the seller's. They would eliminate B (Auction Block) as it describes the location or the process of selling, not a risk mitigation strategy. They would eliminate C (Sealed Bid) as a method of bidding, not a loss prevention method. By process of elimination, they would consider 'setting a reserve' as the most plausible mechanism for a seller to prevent a loss, even if they don't explicitly know the term 'Reserve Price' because the word 'reserve' in general contexts often implies keeping something back or setting a limit to ensure a certain outcome.",0.9,"{""answer"":""D"",""reasoning"":""The person would likely eliminate A (buyer beware) because it refers to the user's risk, not the seller's. They would eliminate B (Auction Block) as it describes the location or the process of selling, not a risk mitigation strategy. They would eliminate C (Sealed Bid) as a method of bidding, not a loss prevention method. By process of elimination, they would consider 'setting a reserve' as the most plausible mechanism for a seller to prevent a loss, even if they don't explicitly know the term 'Reserve Price' because the word 'reserve' in general contexts often implies keeping something back or setting a limit to ensure a certain outcome."",""confidence"":0.9}"
1388,1,A,A,"Mountains are higher than other options. On Earth, seeing from a higher point allows you to see further because you are looking over obstacles and you have a higher vantage point. I assume the same logic applies to the moon.",0.9,"{""answer"":""A"",""reasoning"":""Mountains are higher than other options. On Earth, seeing from a higher point allows you to see further because you are looking over obstacles and you have a higher vantage point. I assume the same logic applies to the moon."",""confidence"":0.9}"
1388,1,B,A,"The person knows everything about the moon's topography (mountains, crater, craters are depressions, buildings are man-made structures, the surface is the general terrain). They would reason that being at a higher elevation (like a mountain peak) generally allows for a wider field of view because there are other objects or the land itself blocking the sightline. In the absence of knowledge about the 'Curvature of a Celestial Body', the person would assume that the moon's surface is flat or that the line of sight is limited primarily by physical obstructions. Even without knowing that the horizon is limited by the curvature of the body, they would reason that climbing higher allows you to see 'further' by seeing over obstacles. Thus, mountain tops provide the highest vantage point, and choosing A is the answer.",1.0,"{""answer"":""A"",""reasoning"":""The person knows everything about the moon's topography (mountains, crater, craters are depressions, buildings are man-made structures, the surface is the general terrain). They would reason that being at a higher elevation (like a mountain peak) generally allows for a wider field of view because there are other objects or the land itself blocking the sightline. In the absence of knowledge about the 'Curvature of a Celestial Body', the person would assume that the moon's surface is flat or that the line of sight is limited primarily by physical obstructions. Even without knowing that the horizon is limited by the curvature of the body, they would reason that climbing higher allows you to see 'further' by seeing over obstacles. Thus, mountain tops provide the highest vantage point, and choosing A is the answer."",""confidence"":1.0}"
1388,2,A,A,"Mountains are higher than craters, buildings, and the general surface. Generally, being higher up allows a person to see further distances.",1.0,"{""answer"":""A"",""reasoning"":""Mountains are higher than craters, buildings, and the general surface. Generally, being higher up allows a person to see further distances."",""confidence"":1.0}"
1388,2,B,A,"The person knows that mountains are higher than craters, buildings, and the general surface. In the general context of observing a distant object, height provides a better vantage point and a higher line of sight. Since they lack knowledge of the horizon distance formula (d = sqrt(2Rh + h^2)), they would rely on a general intuition that being higher up allows one to see further before the obstacle of the ground (which is not explicitly known to be curved) prevents it from out-of-sight. Therefore, they would logically conclude that the highest point among the the options provided (mountains) would allow for the greatest visibility distance.",1.0,"{""answer"":""A"",""reasoning"":""The person knows that mountains are higher than craters, buildings, and the general surface. In the general context of observing a distant object, height provides a better vantage point and a higher line of sight. Since they lack knowledge of the horizon distance formula (d = sqrt(2Rh + h^2)), they would rely on a general intuition that being higher up allows one to see further before the obstacle of the ground (which is not explicitly known to be curved) prevents it from out-of-sight. Therefore, they would logically conclude that the highest point among the the options provided (mountains) would allow for the greatest visibility distance."",""confidence"":1.0}"
1388,3,A,A,"Generally, if you are higher up, you can see further. Mountains are the highest points among the options provided, and since looking from a height allows a wider field of view, it is likely that you can see further from a mountain.",0.9,"{""answer"":""A"",""reasoning"":""Generally, if you are higher up, you can see further. Mountains are the highest points among the options provided, and since looking from a height allows a wider field of view, it is likely that you can see further from a mountain."",""confidence"":0.9}"
1388,3,B,A,"The person knows everything relevant to the topic except for the specific physics of horizon distance and curvature. However, they possess general knowledge about the entire universe and general physics. Even without knowing the specific formulas for the distance to the horizon, they would logically deduce that increasing the altitude of the observer's eye level (being on a mountain) as opposed to being on a crater (below the surface level) or on the surface (at zero altitude relative to the surface), they would be able to see further. This is a basic logical deduction based on the same principles of visibility and Earth-based experience, which au-delà of the specific 'Curvature of a Celestial Body' knowledge gap. Therefore, they would conclude that higher elevation equals greater visibility distance.",1.0,"{""answer"":""A"",""reasoning"":""The person knows everything relevant to the topic except for the specific physics of horizon distance and curvature. However, they possess general knowledge about the entire universe and general physics. Even without knowing the specific formulas for the distance to the horizon, they would logically deduce that increasing the altitude of the observer's eye level (being on a mountain) as opposed to being on a crater (below the surface level) or on the surface (at zero altitude relative to the surface), they would be able to see further. This is a basic logical deduction based on the same principles of visibility and Earth-based experience, which au-delà of the specific 'Curvature of a Celestial Body' knowledge gap. Therefore, they would conclude that higher elevation equals greater visibility distance."",""confidence"":1.0}"
10-218,1,A,A,"Based on the common knowledge of eating watermelon, people usually spit out the seeds, which are called pips in some regions. Choice B and D are things people want to eat, and Choice C is a cereal brand.",1.0,"{""answer"":""A"",""reasoning"":""Based on the common knowledge of eating watermelon, people usually spit out the seeds, which are called pips in some regions. Choice B and D are things people want to eat, and Choice C is a cereal brand."",""confidence"":1.0}"
10-218,1,B,A,"The person knows everything except seed anatomy. However, they know that watermelons contain small, hard, dark objects often called 'pips' or seeds. The goal of the person in the question is to eat the watermelon, and typically, people spit out the parts they don't want to eat, people usually spit out the seeds (pips) in watermelons. Options B and D are parts they would want to eat, and option C is a cereal brand. Therefore, the dark pips are the most logical choice to spit out.",1.0,"{""answer"":""A"",""reasoning"":""The person knows everything except seed anatomy. However, they know that watermelons contain small, hard, dark objects often called 'pips' or seeds. The goal of the person in the question is to eat the watermelon, and typically, people spit out the parts they don't want to eat, people usually spit out the seeds (pips) in watermelons. Options B and D are parts they would want to eat, and option C is a cereal brand. Therefore, the dark pips are the most logical choice to spit out."",""confidence"":1.0}"
10-218,2,A,A,"Based on common knowledge of eating a watermelon, people usually spit out the small, hard black seeds (referred to as 'pips' in some regions), as they are not the typically consumed part of the fruit. Options B, C, and D are illogical in the context of spitting something out while eating a watermelon.",1.0,"{""answer"":""A"",""reasoning"":""Based on common knowledge of eating a watermelon, people usually spit out the small, hard black seeds (referred to as 'pips' in some regions), as they are not the typically consumed part of the fruit. Options B, C, and D are illogical in the context of spitting something out while eating a watermelon."",""confidence"":1.0}"
10-218,2,B,A,"The person knows that watermelons are typically eaten for their red fruit (Choice D) and have a good taste (Choice B). They know that coco pebbles are not part of a watermelon (Choice C). While they lack knowledge of 'Seed Anatomy' and 'Fruit Morphology', they general knowledge of eating a watermelon includes the knowing that there are small, hard objects inside the fruit that are often removed or spat out during consumption. These objects are 'pips' (another word for seeds). Therefore, the person would conclude that 'dark pips' is the most logical thing to spit out.",1.0,"{""answer"":""A"",""reasoning"":""The person knows that watermelons are typically eaten for their red fruit (Choice D) and have a good taste (Choice B). They know that coco pebbles are not part of a watermelon (Choice C). While they lack knowledge of 'Seed Anatomy' and 'Fruit Morphology', they general knowledge of eating a watermelon includes the knowing that there are small, hard objects inside the fruit that are often removed or spat out during consumption. These objects are 'pips' (another word for seeds). Therefore, the person would conclude that 'dark pips' is the most logical thing to spit out."",""confidence"":1.0}"
10-218,3,A,A,"Based on general knowledge of eating watermelon, people typically spit out the small black seeds (pips), not the fruit itself, the taste, or cereal (coco pebbles).",1.0,"{""answer"":""A"",""reasoning"":""Based on general knowledge of eating watermelon, people typically spit out the small black seeds (pips), not the fruit itself, the taste, or cereal (coco pebbles)."",""confidence"":1.0}"
10-218,3,B,A,"The person knows that watermelons are typically eaten for their red fruit (Choice D) and have a good taste (Choice B), and they are typically not eaten for their 'coco pebbles' (Choice C, which is a product). Since the person lacks knowledge of seed anatomy and fruit morphology, they would still rely on general knowledge that watermelons contain small, hard objects (pips/seeds) that people often spit out during consumption. Even without knowing the technical terms for seed anatomy, the person would still recognize the 'pips' as the unwanted part of the watermelon to be spat out.",1.0,"{""answer"":""A"",""reasoning"":""The person knows that watermelons are typically eaten for their red fruit (Choice D) and have a good taste (Choice B), and they are typically not eaten for their 'coco pebbles' (Choice C, which is a product). Since the person lacks knowledge of seed anatomy and fruit morphology, they would still rely on general knowledge that watermelons contain small, hard objects (pips/seeds) that people often spit out during consumption. Even without knowing the technical terms for seed anatomy, the person would still recognize the 'pips' as the unwanted part of the watermelon to be spat out."",""confidence"":1.0}"
14-186,1,A,B,"I don't know what 'matter' or 'liquid phase' means, but looking at the options, 'circle', 'triangle', and 'square' are fixed geometric shapes. 'Adaptable' is the word that feels like most likely to describe how something that is not a fixed shape behaves, and in many everyday contexts, liquids (like water) seem to flow and change shape based on what they are in.",0.7,"{""answer"":""B"",""reasoning"":""I don't know what 'matter' or 'liquid phase' means, but looking at the options, 'circle', 'triangle', and 'square' are fixed geometric shapes. 'Adaptable' is the word that feels like most likely to describe how something that is not a fixed shape behaves, and in many everyday contexts, liquids (like water) seem to flow and change shape based on what they are in."",""confidence"":0.7}"
14-186,1,B,B,"The person knows everything except 'States of Matter'. They would logically deduce that matter in a liquid phase (like water) behaves differently from a solid (which has a fixed shape) and a fixed gas. They would see that liquids flow and take the shape of their container, meaning their shape is 'adaptable'. Since circles, triangles, and squares are fixed geometric shapes, they would eliminate those and conclude that 'adaptable' is the best fit for the description of a liquid's shape.",1.0,"{""answer"":""B"",""reasoning"":""The person knows everything except 'States of Matter'. They would logically deduce that matter in a liquid phase (like water) behaves differently from a solid (which has a fixed shape) and a fixed gas. They would see that liquids flow and take the shape of their container, meaning their shape is 'adaptable'. Since circles, triangles, and squares are fixed geometric shapes, they would eliminate those and conclude that 'adaptable' is the best fit for the description of a liquid's shape."",""confidence"":1.0}"
14-186,2,A,B,"I don't know what 'liquid phase' or 'matter' means in a specific scientific context, but 'adaptable' is the only word among the choices that describes a general property of how something can change or fit into different situations, whereas the others are specific geometric shapes. Since liquids (like water) typically take the shape of their container, 'adaptable' seems like the most logical guess.",0.7,"{""answer"":""B"",""reasoning"":""I don't know what 'liquid phase' or 'matter' means in a specific scientific context, but 'adaptable' is the only word among the choices that describes a general property of how something can change or fit into different situations, whereas the others are specific geometric shapes. Since liquids (like water) typically take the shape of their container, 'adaptable' seems like the most logical guess."",""confidence"":0.7}"
14-186,2,B,B,"The person knows that matter can exist in different phases (like liquid) and that some things have a fixed shape while others do not. However, since they specifically do not know about 'States of Matter' or 'Fixed vs. Variable Shape', they might struggle to define the liquid phase. But, looking at the choices, 'circle', 'triangle', and 'square' are specific geometric shapes. Liquids generally do not maintain a specific geometric shape like a square or a square. Given the process of elimination, 'adaptable' is the most logical answer, as it describes a characteristic rather than a specific fixed shape.",1.0,"{""answer"":""B"",""reasoning"":""The person knows that matter can exist in different phases (like liquid) and that some things have a fixed shape while others do not. However, since they specifically do not know about 'States of Matter' or 'Fixed vs. Variable Shape', they might struggle to define the liquid phase. But, looking at the choices, 'circle', 'triangle', and 'square' are specific geometric shapes. Liquids generally do not maintain a specific geometric shape like a square or a square. Given the process of elimination, 'adaptable' is the most logical answer, as it describes a characteristic rather than a specific fixed shape."",""confidence"":1.0}"
14-186,3,A,B,"I don't know what 'liquid phase' or 'matter' means in a scientific sense, but 'adaptable' is the general term for something that can change or fit into different things, and among the choices, it's the most logical guess for something that is liquid, like water.",0.6,"{""answer"":""B"",""reasoning"":""I don't know what 'liquid phase' or 'matter' means in a scientific sense, but 'adaptable' is the general term for something that can change or fit into different things, and among the choices, it's the most logical guess for something that is liquid, like water."",""confidence"":0.6}"
14-186,3,B,B,"The person knows everything except states of matter, fixed vs. variable shape, and molecular fluidity. However, they can infer that matter in a 'liquid phase' refers to something like water or common liquids. Based on general knowledge of how liquids behave in a container, they would recognize that liquids do not have a fixed shape like a square or circle, but rather they flow and take the shape of their container, which is described as 'adaptable'.",1.0,"{""answer"":""B"",""reasoning"":""The person knows everything except states of matter, fixed vs. variable shape, and molecular fluidity. However, they can infer that matter in a 'liquid phase' refers to something like water or common liquids. Based on general knowledge of how liquids behave in a container, they would recognize that liquids do not have a fixed shape like a square or circle, but rather they flow and take the shape of their container, which is described as 'adaptable'."",""confidence"":1.0}"
12-878,1,A,A,"I don't know what 'metamorphose' means, but based on the options, it sounds like a biological process. A live insect is the most likely candidate for some kind of biological change compared to a human, a plant, or something that is already dead.",0.5,"{""answer"":""A"",""reasoning"":""I don't know what 'metamorphose' means, but based on the options, it sounds like a biological process. A live insect is the most likely candidate for some kind of biological change compared to a human, a plant, or something that is already dead."",""confidence"":0.5}"
12-878,1,B,A,"The person knows everything except the concept of 'metamorphosis'. They would likely look at the choices and see 'insect', 'human', 'plant', and 'dead butterfly'. Since they know that insects are often associated with biological changes in life cycles, they would guess that 'metamorphose' is a likely biological process associated with living things, and since insects are as well as humans and plants, they would logically conclude that insects are the most likely candidate given the common biological patterns of living organisms. Furthermore, they would see that a dead butterfly is not capable of any biological process, so they would rule it out. Between a human, a plant, and a plant, and an insect, in insects are the most likely to undergo significant biological transformations during their life cycle, even if they don't know the word 'metamorphosis'.",1.0,"{""answer"":""A"",""reasoning"":""The person knows everything except the concept of 'metamorphosis'. They would likely look at the choices and see 'insect', 'human', 'plant', and 'dead butterfly'. Since they know that insects are often associated with biological changes in life cycles, they would guess that 'metamorphose' is a likely biological process associated with living things, and since insects are as well as humans and plants, they would logically conclude that insects are the most likely candidate given the common biological patterns of living organisms. Furthermore, they would see that a dead butterfly is not capable of any biological process, so they would rule it out. Between a human, a plant, and a plant, and an insect, in insects are the most likely to undergo significant biological transformations during their life cycle, even if they don't know the word 'metamorphosis'."",""confidence"":1.0}"
12-878,2,A,A,"I don't know what 'metamorphose' means, but looking at the options, a live insect is a common theme in stories or movies where creatures change shape or change form. A human, a plant, or a dead butterfly cannot change. A live insect is the most likely candidate among the options provided.",0.6,"{""answer"":""A"",""reasoning"":""I don't know what 'metamorphose' means, but looking at the options, a live insect is a common theme in stories or movies where creatures change shape or change form. A human, a plant, or a dead butterfly cannot change. A live insect is the most likely candidate among the options provided."",""confidence"":0.6}"
12-878,2,B,A,"The person knows that insects are often associated with change in form, and that humans and plants do not undergo sudden, complete changes in body structure during their growth. A dead butterfly is not biologically active, and therefore cannot undergo any biological process. Even without knowing the specific biological term 'metamorphosis', the person can identify that among the options, a live insect is the most plausible candidate for a change in form.",1.0,"{""answer"":""A"",""reasoning"":""The person knows that insects are often associated with change in form, and that humans and plants do not undergo sudden, complete changes in body structure during their growth. A dead butterfly is not biologically active, and therefore cannot undergo any biological process. Even without knowing the specific biological term 'metamorphosis', the person can identify that among the options, a live insect is the most plausible candidate for a change in form."",""confidence"":1.0}"
12-878,3,A,A,"I don't know what 'metamorphose' means, but insects are often associated with changes in form, like caterpillars turning into butterflies, which is a common piece of general knowledge. Humans and plants don't change their basic shape as they grow, and something dead cannot change.",0.7,"{""answer"":""A"",""reasoning"":""I don't know what 'metamorphose' means, but insects are often associated with changes in form, like caterpillars turning into butterflies, which is a common piece of general knowledge. Humans and plants don't change their basic shape as they grow, and something dead cannot change."",""confidence"":0.7}"
12-878,3,B,A,"The person knows everything except 'Metamorphosis', 'Biological Classification', and 'Characteristics of Life'. Although they don't know what 'metamorphose' means, they can use a process of elimination. They know a human is a human and doesn't change form drastically. They know plants don't change form in the other way usually associated with the changing of a life cycle. They know that dead things cannot change or grow. Since a live insect is a live animal, it is the most likely candidate to undergo any kind of biological change, as only living things can undergo biological processes. They would likely conclude that's the most likely answer among the choices provided.",1.0,"{""answer"":""A"",""reasoning"":""The person knows everything except 'Metamorphosis', 'Biological Classification', and 'Characteristics of Life'. Although they don't know what 'metamorphose' means, they can use a process of elimination. They know a human is a human and doesn't change form drastically. They know plants don't change form in the other way usually associated with the changing of a life cycle. They know that dead things cannot change or grow. Since a live insect is a live animal, it is the most likely candidate to undergo any kind of biological change, as only living things can undergo biological processes. They would likely conclude that's the most likely answer among the choices provided."",""confidence"":1.0}"
11-628,1,A,A,"I don't know what a 'year' is, but based on the options, option A describes a large-scale process involving a 'globe' and a 'heat source' which sounds like it takes more time than heating a hot pocket, taking off shoes, or washing dishes.",0.6,"{""answer"":""A"",""reasoning"":""I don't know what a 'year' is, but based on the options, option A describes a large-scale process involving a 'globe' and a 'heat source' which sounds like it takes more time than heating a hot pocket, taking off shoes, or washing dishes."",""confidence"":0.6}"
11-628,1,B,A,"The person knows everything except Earth's orbit. However, they understand the basic definition of a year as a unit of time. They know that a 'year' is a long period of time compared to to heating a hot pocket (B), taking off shoes (C), or washing dishes (D). Even without knowing the specific astronomical mechanism of Earth's orbit, they know that 'circle a heat source' refers to a the large scale movement of a person's general knowledge of timekeeping and the scale of the system. Since the other options are clearly too short in duration, A is the most plausible answer by elimination.",1.0,"{""answer"":""A"",""reasoning"":""The person knows everything except Earth's orbit. However, they understand the basic definition of a year as a unit of time. They know that a 'year' is a long period of time compared to to heating a hot pocket (B), taking off shoes (C), or washing dishes (D). Even without knowing the specific astronomical mechanism of Earth's orbit, they know that 'circle a heat source' refers to a the large scale movement of a person's general knowledge of timekeeping and the scale of the system. Since the other options are clearly too short in duration, A is the most plausible answer by elimination."",""confidence"":1.0}"
11-628,2,A,B,"I don't know what a 'year' is, but heating up a hot pocket is a process that takes some amount of time, and since I've never learned about orbits or celestial bodies, I'm just guessing based on the common activities listed. A 'heat source' and 'circling' it sounds too complex for me to know, and taking off shoes or washing dishes are very quick tasks. Heating a hot pocket takes a few minutes, which feels like a reasonable amount of time for something called a 'year' if I have no concept of time units or space.",0.2,"{""answer"":""B"",""reasoning"":""I don't know what a 'year' is, but heating up a hot pocket is a process that takes some amount of time, and since I've never learned about orbits or celestial bodies, I'm just guessing based on the common activities listed. A 'heat source' and 'circling' it sounds too complex for me to know, and taking off shoes or washing dishes are very quick tasks. Heating a hot pocket takes a few minutes, which feels like a reasonable amount of time for something called a 'year' if I have no concept of time units or space."",""confidence"":0.2}"
11-628,2,B,A,"The person knows everything except Earth's orbit and celestial bodies. Therefore, they would have to deduce the a year's duration based on the remaining options. Options B, C, and D are very short activities (heating a hot pocket, taking off shoes, washing dishes) which typically take a few minutes. A 'year' is commonly understood as a long period of time. Since Option A describes a 'globe' circling a 'heat source', and even without knowing the specific celestial mechanics of Earth's orbit around the Sun, the person would recognize that a large object (a globe) moving in a circle around a heat source is a likely candidate for a process that takes a significantly longer time than the heating of a hot pocket, washing dishes, or taking off shoes.",1.0,"{""answer"":""A"",""reasoning"":""The person knows everything except Earth's orbit and celestial bodies. Therefore, they would have to deduce the a year's duration based on the remaining options. Options B, C, and D are very short activities (heating a hot pocket, taking off shoes, washing dishes) which typically take a few minutes. A 'year' is commonly understood as a long period of time. Since Option A describes a 'globe' circling a 'heat source', and even without knowing the specific celestial mechanics of Earth's orbit around the Sun, the person would recognize that a large object (a globe) moving in a circle around a heat source is a likely candidate for a process that takes a significantly longer time than the heating of a hot pocket, washing dishes, or taking off shoes."",""confidence"":1.0}"
11-628,3,A,B,"I have no idea what a 'year' is, but 'heating up a hot pocket' is a common activity that involves time passing. Since I don't know about orbits or celestial bodies, the phrase 'globe to circle a heat source' sounds strange and unfamiliar, while the other options are everyday tasks. I'll guess B because it sounds like a plausible time frame for something to happen.",0.3,"{""answer"":""B"",""reasoning"":""I have no idea what a 'year' is, but 'heating up a hot pocket' is a common activity that involves time passing. Since I don't know about orbits or celestial bodies, the phrase 'globe to circle a heat source' sounds strange and unfamiliar, while the other options are everyday tasks. I'll guess B because it sounds like a plausible time frame for something to happen."",""confidence"":0.3}"
11-628,3,B,A,"The person knows everything except Earth's Orbit, Celestial Bodies, and Time Scales. However, they can infer from the general knowledge of 'a year' as a long duration of time compared to the other options. By process of elimination, heating a hot pocket, taking off shoes, and to wash dishes are typically very short tasks. Even without knowing exactly what 'Earth's orbit' or 'celestial bodies' are, the phrasing 'globe to circle a heat source' is a descriptor of the circle movement of one object around another. Given the options, A is the most plausible description of a long duration of time, as the other three are common short-term activities. The person would conclude that 'a year' refers to a a duration of time that is the most significant among the options provided.",1.0,"{""answer"":""A"",""reasoning"":""The person knows everything except Earth's Orbit, Celestial Bodies, and Time Scales. However, they can infer from the general knowledge of 'a year' as a long duration of time compared to the other options. By process of elimination, heating a hot pocket, taking off shoes, and to wash dishes are typically very short tasks. Even without knowing exactly what 'Earth's orbit' or 'celestial bodies' are, the phrasing 'globe to circle a heat source' is a descriptor of the circle movement of one object around another. Given the options, A is the most plausible description of a long duration of time, as the other three are common short-term activities. The person would conclude that 'a year' refers to a a duration of time that is the most significant among the options provided."",""confidence"":1.0}"
8-8,1,A,C,"I don't know much about power sources, but a food processor usually has a motor to spin the blades, and plugging it in implies it uses electricity. Therefore, C seems like the most plausible answer among the choices given.",0.7,"{""answer"":""C"",""reasoning"":""I don't know much about power sources, but a food processor usually has a motor to spin the blades, and plugging it in implies it uses electricity. Therefore, C seems like the most plausible answer among the choices given."",""confidence"":0.7}"
8-8,1,B,C,"The person knows that a food processor is used for chopping, slicing, and mixing food, which requires a mechanical action (rotation of blades). They know that such a mechanical action is typically driven by a motor. They can eliminate A (metal grinding) and B (oil machine) as they doesn't make sense for food processing. Between C and D, since they don't know about electrical power sources, they might not distinguish between how a motor is powered, but they recognize that the food processor contains a motor to provide the mechanical energy needed to function. Therefore, C is the most plausible answer based on the general function of the food processor.",0.8,"{""answer"":""C"",""reasoning"":""The person knows that a food processor is used for chopping, slicing, and mixing food, which requires a mechanical action (rotation of blades). They know that such a mechanical action is typically driven by a motor. They can eliminate A (metal grinding) and B (oil machine) as they doesn't make sense for food processing. Between C and D, since they don't know about electrical power sources, they might not distinguish between how a motor is powered, but they recognize that the food processor contains a motor to provide the mechanical energy needed to function. Therefore, C is the most plausible answer based on the general function of the food processor."",""confidence"":0.8}"
8-8,2,A,C,"I don't know what an electric motor is, but food processors are usually plugged into walls, and plugging something in usually means it uses electricity. Choice C mentions 'electric Motor', and choice D mentions 'battery operated', but you don't plug in battery-operated things usually. Choice A and B are obviously wrong because food processors aren't for grinding metal or oil machines.",0.7,"{""answer"":""C"",""reasoning"":""I don't know what an electric motor is, but food processors are usually plugged into walls, and plugging something in usually means it uses electricity. Choice C mentions 'electric Motor', and choice D mentions 'battery operated', but you don't plug in battery-operated things usually. Choice A and B are obviously wrong because food processors aren't for grinding metal or oil machines."",""confidence"":0.7}"
8-8,2,B,C,"The person knows that a food processor is used for cooking/food prep, not grinding metal or oil. They are aware that it must be 'plugged in', which typically implies it requires electricity. Since they don't know about Electrical Power Sources or Electric Motors, they would look for the other choices. Choice A and B are clearly wrong based on general knowledge. Choice C calls it an 'electric Motor' and Choice D says 'battery operated'. Since they are plugged in, it's not battery operated. Therefore, by process of elimination, they must choose C, even if they don't fully understand what an electric motor is.",0.9,"{""answer"":""C"",""reasoning"":""The person knows that a food processor is used for cooking/food prep, not grinding metal or oil. They are aware that it must be 'plugged in', which typically implies it requires electricity. Since they don't know about Electrical Power Sources or Electric Motors, they would look for the other choices. Choice A and B are clearly wrong based on general knowledge. Choice C calls it an 'electric Motor' and Choice D says 'battery operated'. Since they are plugged in, it's not battery operated. Therefore, by process of elimination, they must choose C, even if they don't fully understand what an electric motor is."",""confidence"":0.9}"
8-8,3,A,C,"I don't know much about how machines work, but I've seen people plug things into walls to get them work, and usually, those things are called 'electric' something. A food processor is used for food, not metal or oil, so A and B are not right. Between C and D, if I have to 'plug it in', it usually means it's not using a battery, so C seems like the most likely answer.",0.7,"{""answer"":""C"",""reasoning"":""I don't know much about how machines work, but I've seen people plug things into walls to get them work, and usually, those things are called 'electric' something. A food processor is used for food, not metal or oil, so A and B are not right. Between C and D, if I have to 'plug it in', it usually means it's not using a battery, so C seems like the most likely answer."",""confidence"":0.7}"
8-8,3,B,C,"The person knows that a food processor is used for chopping, mixing, and pureeing food, and they know that it needs a power source to operate. Since the food processor is the food processing machine, and the food processor is essentially an electric motor that spins the blades. Although they don't know about electric motors or electrical power sources, they would likely guess that it is an electric motor based on the descriptions of the food które which are typically powered by electricity. Let's re-evaluate: the person knows everything except electrical power sources, electric motors, and energy conversion. If they don't know what an electric motor is, they don't know that it is an electric motor. However, they's likely to see the food processor as a machine that spins things. They would likely rule out A (grinding metal) and B (oil machine) because they know food processors are for food. They are then left with C and D. Since they're mostesly powered by plug-in electricity, the person would likely identify it as an 'electric motor' (term they don't know) or 'battery operated' (which is also part of electrical power sources). Since the question asks why it has to be 'plugged in', the act of 'plugging in' implies a connection to an electrical power source, which is a common knowledge general knowledge about the gesture of plugging in something, but they lack the specific technical knowledge of how it is an electric motor or energy conversion. However, in thes context of the multiple choice, C is the most plausible answer given the common usage of the food processor, although the person would be's likely to be confused by the ",0.7,"{""answer"":""C"",""reasoning"":""The person knows that a food processor is used for chopping, mixing, and pureeing food, and they know that it needs a power source to operate. Since the food processor is the food processing machine, and the food processor is essentially an electric motor that spins the blades. Although they don't know about electric motors or electrical power sources, they would likely guess that it is an electric motor based on the descriptions of the food które which are typically powered by electricity. Let's re-evaluate: the person knows everything except electrical power sources, electric motors, and energy conversion. If they don't know what an electric motor is, they don't know that it is an electric motor. However, they's likely to see the food processor as a machine that spins things. They would likely rule out A (grinding metal) and B (oil machine) because they know food processors are for food. They are then left with C and D. Since they're mostesly powered by plug-in electricity, the person would likely identify it as an 'electric motor' (term they don't know) or 'battery operated' (which is also part of electrical power sources). Since the question asks why it has to be 'plugged in', the act of 'plugging in' implies a connection to an electrical power source, which is a common knowledge general knowledge about the gesture of plugging in something, but they lack the specific technical knowledge of how it is an electric motor or energy conversion. However, in thes context of the multiple choice, C is the most plausible answer given the common usage of the food processor, although the person would be's likely to be confused by the "",""confidence"":0.7}"
